{"cameraMode":{"drawMode":0,"name":"Shaded","section":"Shading Mode"},"sceneLighting":true,"audioPlay":false,"sceneViewState":{"showFog":true,"showMaterialUpdate":false,"showSkybox":true,"showFlares":true,"showImageEffects":true,"showParticleSystems":true},"in2DMode":false,"pivot":{"x":-3.388237953186035,"y":0.5508675575256348,"z":8.367094993591309},"rotation":{"x":0.15022821724414826,"y":0.28392869234085085,"z":-0.04509230703115463,"w":0.9459306001663208},"size":11.516146659851075,"orthographic":false}