{"cameraMode":{"drawMode":0,"name":"Shaded","section":"Shading Mode"},"sceneLighting":true,"audioPlay":false,"sceneViewState":{"showFog":true,"showMaterialUpdate":false,"showSkybox":true,"showFlares":true,"showImageEffects":true,"showParticleSystems":true},"in2DMode":false,"pivot":{"x":0.0,"y":1.2599999904632569,"z":-0.19798748195171357},"rotation":{"x":-0.16447442770004273,"y":-0.5554628372192383,"z":0.11317406594753266,"w":-0.8072238564491272},"size":12.267257690429688,"orthographic":false}