{"cameraMode":{"drawMode":0,"name":"Shaded","section":"Shading Mode"},"sceneLighting":true,"audioPlay":false,"sceneViewState":{"showFog":true,"showMaterialUpdate":false,"showSkybox":true,"showFlares":true,"showImageEffects":true,"showParticleSystems":true},"in2DMode":false,"pivot":{"x":-7.188798904418945,"y":1.3628901243209839,"z":1.0861303806304932},"rotation":{"x":-0.09723759442567826,"y":0.4342944920063019,"z":-0.04722395911812782,"w":-0.894265353679657},"size":2.3667259216308595,"orthographic":false}