{"cameraMode":{"drawMode":0,"name":"Shaded","section":"Shading Mode"},"sceneLighting":true,"audioPlay":false,"sceneViewState":{"showFog":true,"showMaterialUpdate":false,"showSkybox":true,"showFlares":true,"showImageEffects":true,"showParticleSystems":true},"in2DMode":false,"pivot":{"x":111.2137451171875,"y":-63.01150894165039,"z":0.7608906626701355},"rotation":{"x":0.19540391862392426,"y":0.6707102060317993,"z":-0.19042718410491944,"w":0.6899198293685913},"size":237.2874755859375,"orthographic":false}