{"cameraMode":{"drawMode":0,"name":"Shaded","section":"Shading Mode"},"sceneLighting":true,"audioPlay":false,"sceneViewState":{"showFog":true,"showMaterialUpdate":false,"showSkybox":true,"showFlares":true,"showImageEffects":true,"showParticleSystems":true},"in2DMode":false,"pivot":{"x":-1.2567224502563477,"y":1.9880268573760987,"z":1.3268086910247803},"rotation":{"x":-0.20604482293128968,"y":0.5261200666427612,"z":-0.13310737907886506,"w":-0.8143569231033325},"size":6.034528732299805,"orthographic":false}