{"cameraMode":{"drawMode":0,"name":"Shaded","section":"Shading Mode"},"sceneLighting":true,"audioPlay":false,"sceneViewState":{"showFog":true,"showMaterialUpdate":false,"showSkybox":true,"showFlares":true,"showImageEffects":true,"showParticleSystems":true},"in2DMode":false,"pivot":{"x":35.66815185546875,"y":-3.0806331634521486,"z":10.483195304870606},"rotation":{"x":0.24086228013038636,"y":0.6728407144546509,"z":-0.24775056540966035,"w":0.6541325449943543},"size":63.04633712768555,"orthographic":false}