{"cameraMode":{"drawMode":0,"name":"Shaded","section":"Shading Mode"},"sceneLighting":false,"audioPlay":false,"sceneViewState":{"showFog":true,"showMaterialUpdate":false,"showSkybox":false,"showFlares":true,"showImageEffects":true,"showParticleSystems":true},"in2DMode":false,"pivot":{"x":2.6138153076171877,"y":-0.7401857376098633,"z":0.06690406799316406},"rotation":{"x":0.07883400470018387,"y":0.6184824109077454,"z":-0.06255805492401123,"w":0.7793532609939575},"size":11.830397605895996,"orthographic":false}