{"cameraMode":{"drawMode":0,"name":"Shaded","section":"Shading Mode"},"sceneLighting":true,"audioPlay":false,"sceneViewState":{"showFog":true,"showMaterialUpdate":false,"showSkybox":true,"showFlares":true,"showImageEffects":true,"showParticleSystems":true},"in2DMode":false,"pivot":{"x":64.86571502685547,"y":1.5629692077636719,"z":-25.268630981445314},"rotation":{"x":0.2010241448879242,"y":0.5420546531677246,"z":-0.1354067176580429,"w":0.804656445980072},"size":109.59638214111328,"orthographic":false}