{"cameraMode":{"drawMode":0,"name":"Shaded","section":"Shading Mode"},"sceneLighting":false,"audioPlay":false,"sceneViewState":{"showFog":true,"showMaterialUpdate":false,"showSkybox":false,"showFlares":true,"showImageEffects":true,"showParticleSystems":true},"in2DMode":false,"pivot":{"x":-0.8913173675537109,"y":3.1846132278442385,"z":2.421121597290039},"rotation":{"x":-0.04302079975605011,"y":-0.3930470645427704,"z":0.018404431641101838,"w":-0.9183399677276611},"size":15.803421974182129,"orthographic":false}