{"cameraMode":{"drawMode":0,"name":"Shaded","section":"Shading Mode"},"sceneLighting":true,"audioPlay":false,"sceneViewState":{"showFog":true,"showMaterialUpdate":false,"showSkybox":true,"showFlares":true,"showImageEffects":true,"showParticleSystems":true},"in2DMode":false,"pivot":{"x":67.1175537109375,"y":1.5749177932739258,"z":9.24729061126709},"rotation":{"x":0.2873442471027374,"y":0.32365086674690249,"z":-0.10385330021381378,"w":0.8954896330833435},"size":4.041658401489258,"orthographic":false}