{"cameraMode":{"drawMode":0,"name":"Shaded","section":"Shading Mode"},"sceneLighting":true,"audioPlay":false,"sceneViewState":{"showFog":true,"showMaterialUpdate":false,"showSkybox":true,"showFlares":true,"showImageEffects":true,"showParticleSystems":true},"in2DMode":false,"pivot":{"x":37.65674591064453,"y":0.87603759765625,"z":42.40263366699219},"rotation":{"x":0.19964049756526948,"y":0.6943667531013489,"z":-0.21046693623065949,"w":0.6586170792579651},"size":16.866743087768556,"orthographic":false}