{"cameraMode":{"drawMode":0,"name":"Shaded","section":"Shading Mode"},"sceneLighting":false,"audioPlay":false,"sceneViewState":{"showFog":true,"showMaterialUpdate":false,"showSkybox":false,"showFlares":true,"showImageEffects":true,"showParticleSystems":true},"in2DMode":false,"pivot":{"x":-2.6706180572509767,"y":0.609000027179718,"z":5.292377471923828},"rotation":{"x":0.20764723420143128,"y":-0.27030181884765627,"z":0.059821717441082,"w":0.9382169842720032},"size":0.8715764880180359,"orthographic":false}