{"cameraMode":{"drawMode":0,"name":"Shaded","section":"Shading Mode"},"sceneLighting":true,"audioPlay":false,"sceneViewState":{"showFog":true,"showMaterialUpdate":false,"showSkybox":true,"showFlares":true,"showImageEffects":true,"showParticleSystems":true},"in2DMode":false,"pivot":{"x":0.4910721778869629,"y":5.424701690673828,"z":50.40989685058594},"rotation":{"x":0.28378376364707949,"y":-0.21902015805244447,"z":0.06671592593193054,"w":0.9311771392822266},"size":14.000202178955079,"orthographic":false}