{"cameraMode":{"drawMode":0,"name":"Shaded","section":"Shading Mode"},"sceneLighting":false,"audioPlay":false,"sceneViewState":{"showFog":true,"showMaterialUpdate":false,"showSkybox":false,"showFlares":true,"showImageEffects":true,"showParticleSystems":true},"in2DMode":false,"pivot":{"x":5.300000190734863,"y":1.0,"z":46.79999923706055},"rotation":{"x":-0.028929198160767556,"y":0.9444289803504944,"z":-0.3159174621105194,"w":-0.08636265993118286},"size":2.2416586875915529,"orthographic":false}