{"cameraMode":{"drawMode":0,"name":"Shaded","section":"Shading Mode"},"sceneLighting":true,"audioPlay":false,"sceneViewState":{"showFog":true,"showMaterialUpdate":false,"showSkybox":true,"showFlares":true,"showImageEffects":true,"showParticleSystems":true},"in2DMode":false,"pivot":{"x":40.36056137084961,"y":-2.597714424133301,"z":40.171974182128909},"rotation":{"x":0.1534423828125,"y":-0.48541414737701418,"z":0.0869951918721199,"w":0.8563426733016968},"size":45.389591217041019,"orthographic":false}